{"cameraMode":{"drawMode":0,"name":"Shaded","section":"Shading Mode"},"sceneLighting":false,"audioPlay":false,"sceneViewState":{"showFog":false,"showMaterialUpdate":false,"showSkybox":false,"showFlares":false,"showImageEffects":false,"showParticleSystems":false},"in2DMode":false,"pivot":{"x":-323.58197021484377,"y":73.42333984375,"z":-76.91810607910156},"rotation":{"x":-0.38129284977912905,"y":-0.584767758846283,"z":0.36038732528686526,"w":-0.6186948418617249},"size":4.666904449462891,"orthographic":false}