{"cameraMode":{"drawMode":0,"name":"Shaded","section":"Shading Mode"},"sceneLighting":false,"audioPlay":false,"sceneViewState":{"showFog":false,"showMaterialUpdate":false,"showSkybox":false,"showFlares":false,"showImageEffects":false,"showParticleSystems":false},"in2DMode":false,"pivot":{"x":167.7140350341797,"y":177.05142211914063,"z":52.5189208984375},"rotation":{"x":0.05427958071231842,"y":0.012921175919473172,"z":-0.0006677514174953103,"w":0.9984419345855713},"size":978.1424560546875,"orthographic":false}