{"cameraMode":{"drawMode":0,"name":"Shaded","section":"Shading Mode"},"sceneLighting":false,"audioPlay":false,"sceneViewState":{"showFog":false,"showMaterialUpdate":false,"showSkybox":false,"showFlares":false,"showImageEffects":false,"showParticleSystems":false},"in2DMode":false,"pivot":{"x":2.6873228549957277,"y":1.1328598260879517,"z":21.178321838378908},"rotation":{"x":0.021464653313159944,"y":0.7378559708595276,"z":-0.023469816893339158,"w":0.674208402633667},"size":5.43874979019165,"orthographic":false}