{"cameraMode":{"drawMode":0,"name":"Shaded","section":"Shading Mode"},"sceneLighting":false,"audioPlay":false,"sceneViewState":{"showFog":false,"showMaterialUpdate":false,"showSkybox":false,"showFlares":false,"showImageEffects":false,"showParticleSystems":false},"in2DMode":false,"pivot":{"x":-4.289999961853027,"y":3.1500000953674318,"z":14.920000076293946},"rotation":{"x":0.061461083590984347,"y":-0.0023936908692121507,"z":0.00014741401537321508,"w":0.9981064796447754},"size":4.041658401489258,"orthographic":false}