{"cameraMode":{"drawMode":0,"name":"Shaded","section":"Shading Mode"},"sceneLighting":false,"audioPlay":false,"sceneViewState":{"showFog":false,"showMaterialUpdate":false,"showSkybox":false,"showFlares":false,"showImageEffects":false,"showParticleSystems":false},"in2DMode":false,"pivot":{"x":2.1660940647125246,"y":1.3582751750946046,"z":20.575292587280275},"rotation":{"x":-0.08513806015253067,"y":-0.6716279983520508,"z":0.07812829315662384,"w":-0.7318218946456909},"size":13.150275230407715,"orthographic":false}