{"cameraMode":{"drawMode":0,"name":"Shaded","section":"Shading Mode"},"sceneLighting":false,"audioPlay":false,"sceneViewState":{"showFog":false,"showMaterialUpdate":false,"showSkybox":false,"showFlares":false,"showImageEffects":false,"showParticleSystems":false},"in2DMode":false,"pivot":{"x":4.707055568695068,"y":1.4452908039093018,"z":14.084976196289063},"rotation":{"x":0.023432927206158639,"y":0.5823741555213928,"z":-0.016753092408180238,"w":0.8124104142189026},"size":9.443790435791016,"orthographic":false}