{"cameraMode":{"drawMode":0,"name":"Shaded","section":"Shading Mode"},"sceneLighting":false,"audioPlay":false,"sceneViewState":{"showFog":false,"showMaterialUpdate":false,"showSkybox":false,"showFlares":false,"showImageEffects":false,"showParticleSystems":false},"in2DMode":false,"pivot":{"x":14.446110725402832,"y":20.973405838012697,"z":17.25042152404785},"rotation":{"x":-0.1215462014079094,"y":-0.8393959999084473,"z":0.2096930593252182,"w":-0.4864872097969055},"size":7.503653049468994,"orthographic":false}