{"cameraMode":{"drawMode":0,"name":"Shaded","section":"Shading Mode"},"sceneLighting":false,"audioPlay":false,"sceneViewState":{"showFog":false,"showMaterialUpdate":false,"showSkybox":false,"showFlares":false,"showImageEffects":false,"showParticleSystems":false},"in2DMode":false,"pivot":{"x":7.619999885559082,"y":0.9603443145751953,"z":9.539999961853028},"rotation":{"x":-0.09988830983638764,"y":-0.8082749247550964,"z":0.14357705414295197,"w":-0.5622274279594421},"size":4.01172399520874,"orthographic":false}