{"cameraMode":{"drawMode":0,"name":"Shaded","section":"Shading Mode"},"sceneLighting":false,"audioPlay":false,"sceneViewState":{"showFog":false,"showMaterialUpdate":false,"showSkybox":false,"showFlares":false,"showImageEffects":false,"showParticleSystems":false},"in2DMode":false,"pivot":{"x":3.7263736724853517,"y":4.9143452644348148,"z":12.152496337890625},"rotation":{"x":-0.030842188745737077,"y":-0.6543437838554382,"z":0.026707811281085016,"w":-0.7550957798957825},"size":7.326491832733154,"orthographic":false}