{"cameraMode":{"drawMode":0,"name":"Shaded","section":"Shading Mode"},"sceneLighting":false,"audioPlay":false,"sceneViewState":{"showFog":false,"showMaterialUpdate":false,"showSkybox":false,"showFlares":false,"showImageEffects":false,"showParticleSystems":false},"in2DMode":false,"pivot":{"x":3.21183705329895,"y":2.656865119934082,"z":20.396699905395509},"rotation":{"x":-0.04059963673353195,"y":0.7143564224243164,"z":0.0416402593255043,"w":0.6973612904548645},"size":17.1160831451416,"orthographic":false}