{"cameraMode":{"drawMode":0,"name":"Shaded","section":"Shading Mode"},"sceneLighting":true,"audioPlay":false,"sceneViewState":{"showFog":false,"showMaterialUpdate":false,"showSkybox":false,"showFlares":false,"showImageEffects":false,"showParticleSystems":false},"in2DMode":false,"pivot":{"x":12.888975143432618,"y":0.5420548915863037,"z":20.723899841308595},"rotation":{"x":0.1737406849861145,"y":0.7022247314453125,"z":-0.18328404426574708,"w":0.6656588912010193},"size":41.65895462036133,"orthographic":false}