{"cameraMode":{"drawMode":0,"name":"Shaded","section":"Shading Mode"},"sceneLighting":false,"audioPlay":false,"sceneViewState":{"showFog":false,"showMaterialUpdate":false,"showSkybox":false,"showFlares":false,"showImageEffects":false,"showParticleSystems":false},"in2DMode":false,"pivot":{"x":0.36447590589523318,"y":0.9999995231628418,"z":-0.3234844207763672},"rotation":{"x":-0.13785146176815034,"y":-0.6142187714576721,"z":0.11003518104553223,"w":-0.7691713571548462},"size":4.147590160369873,"orthographic":false}