{"cameraMode":{"drawMode":0,"name":"Shaded","section":"Shading Mode"},"sceneLighting":false,"audioPlay":false,"sceneViewState":{"showFog":false,"showMaterialUpdate":false,"showSkybox":false,"showFlares":false,"showImageEffects":false,"showParticleSystems":false},"in2DMode":false,"pivot":{"x":2.201143980026245,"y":1.7966394424438477,"z":14.290897369384766},"rotation":{"x":-0.07498802989721298,"y":-0.8609281778335571,"z":0.13303223252296449,"w":-0.48526471853256228},"size":11.074256896972657,"orthographic":false}