{"cameraMode":{"drawMode":0,"name":"Shaded","section":"Shading Mode"},"sceneLighting":true,"audioPlay":false,"sceneViewState":{"showFog":false,"showMaterialUpdate":false,"showSkybox":false,"showFlares":false,"showImageEffects":false,"showParticleSystems":false},"in2DMode":false,"pivot":{"x":2.23799991607666,"y":0.619999885559082,"z":16.010000228881837},"rotation":{"x":0.22996841371059419,"y":0.6503030061721802,"z":-0.21644873917102815,"w":0.6909200549125671},"size":40.98515319824219,"orthographic":false}