{"cameraMode":{"drawMode":0,"name":"Shaded","section":"Shading Mode"},"sceneLighting":true,"audioPlay":false,"sceneViewState":{"showFog":false,"showMaterialUpdate":false,"showSkybox":false,"showFlares":false,"showImageEffects":false,"showParticleSystems":false},"in2DMode":false,"pivot":{"x":1728.8648681640625,"y":389.4436340332031,"z":214.6917724609375},"rotation":{"x":-0.07938521355390549,"y":0.028394028544425966,"z":-0.002274351427331567,"w":-0.9964573979377747},"size":2996.572021484375,"orthographic":false}