{"cameraMode":{"drawMode":0,"name":"Shaded","section":"Shading Mode"},"sceneLighting":false,"audioPlay":false,"sceneViewState":{"showFog":false,"showMaterialUpdate":false,"showSkybox":false,"showFlares":false,"showImageEffects":false,"showParticleSystems":false},"in2DMode":false,"pivot":{"x":408.9740295410156,"y":150.39334106445313,"z":25.259517669677736},"rotation":{"x":-0.1346052885055542,"y":-0.06538041681051254,"z":0.0088980533182621,"w":-0.9886999726295471},"size":286.5344543457031,"orthographic":false}