{"cameraMode":{"drawMode":0,"name":"Shaded","section":"Shading Mode"},"sceneLighting":false,"audioPlay":false,"sceneViewState":{"showFog":false,"showMaterialUpdate":false,"showSkybox":false,"showFlares":false,"showImageEffects":false,"showParticleSystems":false},"in2DMode":false,"pivot":{"x":28.450864791870118,"y":2.6656923294067385,"z":14.949763298034668},"rotation":{"x":0.04803764075040817,"y":0.6875935792922974,"z":-0.04564023017883301,"w":0.7230660319328308},"size":13.087644577026368,"orthographic":false}